file name, Label_ID, Cells per Island, Area, Perimeter, Eccentricity, Circ, Centroid, nan, dist from center
images/bullseye/EBICS_BULLSEYE_A - 5_E_D(cropped).tif,2,8,940, 319590, 5656.170378177947, 0.7733349585057159,0.12553304969660584,(1691.8272411527269, 1549.6261366125348),0.0002625901932804386
images/bullseye/EBICS_BULLSEYE_B - 10E_D(cropped).tif,2,37,136, 44838, 4617.0240584721105, 0.9096355555942444,0.026432109299032107,(1882.8759757348678, 1732.273540300638),0.0008766203956590271
images/bullseye/EBICS_BULLSEYE_B - 10E_D(cropped).tif,2,45,78, 27289, 1331.0956338982542, 0.7819165621533354,0.19354366802731832,(1943.9140312946608, 1491.27897687713),0.000503405409940216
images/bullseye/EBICS_BULLSEYE_B - 10E_D(cropped).tif,3,8,76, 26379, 3318.2055531463816, 0.855411099963116,0.03010659360768843,(1634.1855642746125, 2535.259145532431),0.0008682289687739041
images/bullseye/EBICS_BULLSEYE_B - 10E_D(cropped).tif,3,20,73, 20700, 3379.205553146381, 0.9162841631010851,0.02277985676849941,(1853.9734782608696, 2463.2617391304348),0.0007296833211822398
images/bullseye/EBICS_BULLSEYE_B - 10E_D(cropped).tif,3,21,54, 16698, 997.662084352125, 0.8806141363762339,0.2108178529343505,(1846.421787040364, 2778.4335848604624),0.0005172596887101022
images/bullseye/EBICS_BULLSEYE_B - 10E_D(cropped).tif,3,33,150, 43058, 4095.1264761078023, 0.808219721869092,0.032264807538933724,(2070.7522411630825, 2513.4015978447674),0.0010926079043108603
