file name, Label_ID, Cells per Island, Area, Perimeter, Eccentricity, Circ, Centroid, nan, dist from center
images/bullseye/EBICS_BULLSEYE_A - 5_E_D(cropped).tif,2,15,50, 17907, 693.7199128346442, 0.642290075997349,0.4675890969688101,(1078.3164684201708, 2701.4786396381305),0.00022709345713115152
images/bullseye/EBICS_BULLSEYE_A - 5_E_D(cropped).tif,2,28,70, 20764, 2116.2480502585013, 0.9680608459233973,0.058262315712741417,(1296.7088229628202, 1657.492342515893),0.0001121052739350618
images/bullseye/EBICS_BULLSEYE_A - 5_E_D(cropped).tif,2,31,1269, 432799, 6934.858941188764, 0.9055095383013312,0.11308912640829158,(1656.0713241019503, 1682.509619939048),4.6492384825431044e-05
images/bullseye/EBICS_BULLSEYE_A - 5_E_D(cropped).tif,2,88,57, 23420, 1066.1484117468901, 0.9518347723590683,0.2589175126455193,(2871.647267292912, 1304.6265157984628),0.0002250469364905778
