File name,colony_ID, Label_ID, Cells per Island, Area, Perimeter, Eccentricity, Circ, Centroid, nan, dist from center
images/islands/EBICS_ISLAND_A-10_E_D(cropped).tif,2,2,62, 21978, 750.5239533417509, 0.8460412931520235,0.4903079307402168,(683.2643097643098, 1019.8193193193193),0.0004328315440855825
images/islands/EBICS_ISLAND_A-10_E_D(cropped).tif,2,5,57, 20570, 667.2102448427661, 0.47914734789501684,0.5806557665178034,(770.6483228001945, 1392.7762761302868),0.0004960268826551765
images/islands/EBICS_ISLAND_A-10_E_D(cropped).tif,2,12,62, 17130, 715.8376618407357, 0.8329534455871435,0.4200859332426055,(1453.603444249854, 957.4004670169294),0.00043874394332734425
images/islands/EBICS_ISLAND_D-8_E_D(cropped).tif,2,1,57, 14342, 554.683332908185, 0.7046637855883846,0.5857729992586354,(910.9426858178775, 1918.1600892483614),0.0005266109553818669
images/islands/EBICS_ISLAND_D-8_E_D(cropped).tif,2,10,60, 23621, 1046.0996385116111, 0.6008844390029907,0.27124518626972544,(1395.8331992718345, 2307.7907370560097),0.00029292690413949065
