File name,colony_ID, Label_ID, Cells per Island, Area, Perimeter, Eccentricity, Circ, Centroid, nan, dist from center
/Users/Ashley/Documents/Git Hub/Multicellular-Pattern-Synthesis/image_segmentation_clustering/images/islands/EBICS_ISLAND_A-10_E_D(cropped).tif,2,2,53, 19348, 611.5290039756342, 0.8552987455995412,0.6501473894297415,(685.3648439115154, 1018.8876886499896),0.00035777136813995965
/Users/Ashley/Documents/Git Hub/Multicellular-Pattern-Synthesis/image_segmentation_clustering/images/islands/EBICS_ISLAND_A-10_E_D(cropped).tif,2,5,52, 18446, 581.6122650963194, 0.5255630841755392,0.6852435487341648,(774.1102135964437, 1390.774802125122),0.00040024966669839884
/Users/Ashley/Documents/Git Hub/Multicellular-Pattern-Synthesis/image_segmentation_clustering/images/islands/EBICS_ISLAND_A-10_E_D(cropped).tif,2,12,61, 15932, 668.5655839020935, 0.8866784757490215,0.4479114132899764,(1443.4989957318603, 963.0483931709766),0.0003585336473172579
/Users/Ashley/Documents/Git Hub/Multicellular-Pattern-Synthesis/image_segmentation_clustering/images/islands/EBICS_ISLAND_D-8_E_D(cropped).tif,2,8,71, 25015, 991.383909759073, 0.8480102199036708,0.3198354800040652,(1010.1814511293225, 1404.505216869878),0.00017401390745321098
/Users/Ashley/Documents/Git Hub/Multicellular-Pattern-Synthesis/image_segmentation_clustering/images/islands/EBICS_ISLAND_D-8_E_D(cropped).tif,2,15,70, 25941, 969.5849198858498, 0.6075422725931033,0.3467567096229204,(1403.731120619868, 2309.715084229598),0.0001435366385027706
/Users/Ashley/Documents/Git Hub/Multicellular-Pattern-Synthesis/image_segmentation_clustering/images/islands/EBICS_ISLAND_D-8_E_D(cropped).tif,2,17,100, 36727, 1965.3119753954302, 0.7908521359854866,0.11949020825365447,(1487.785144444142, 872.7293544258991),0.0002461929193602174
/Users/Ashley/Documents/Git Hub/Multicellular-Pattern-Synthesis/image_segmentation_clustering/images/islands/EBICS_ISLAND_D-8_E_D(cropped).tif,2,18,261, 102847, 3195.5142110114825, 0.8668090166293501,0.12656685408601556,(1693.176018746293, 1143.32335410853),0.00017863637956062666
/Users/Ashley/Documents/Git Hub/Multicellular-Pattern-Synthesis/image_segmentation_clustering/images/islands/EBICS_ISLAND_D-8_E_D(cropped).tif,2,19,53, 21401, 1440.5636713297895, 0.9346056097086226,0.12959224524282517,(1539.8508013644223, 2813.546843605439),0.00027440425962041464
