file name, Colony ID, Total Islands, Total DAPI,Mean cells, STDEV cells, Mean Area, STDEV Area, Mean Perimeter, STDEV Perimeter, Mean Eccentricity, STDEV Eccentricy, Mean Circ, STDEV Circ, Mean Centroid, nan , STDEV Centroid, Mean Dist from center, STDEV dist center
/Users/Ashley/Documents/Git Hub/Multicellular-Pattern-Synthesis/image_segmentation_clustering/images/bullseye/EBICS_BULLSEYE_A - 5_E_D(cropped).tif,2,4,11405,355.75,512.3189314284609,123722.5,178456.04999621055,2702.7438290072,2498.4693952896637,0.8669238081452864,0.1317077678466914,0.2244645129338406,0.15836999371420277,1781.1063750836734, 615.6894259488266, 0.00015268451309555554, 7.69682629878641e-05
/Users/Ashley/Documents/Git Hub/Multicellular-Pattern-Synthesis/image_segmentation_clustering/images/bullseye/EBICS_BULLSEYE_B - 10E_D(cropped).tif,2,2,7325,992.0,892.0,464223.5,422662.5,10092.062148486955,7541.182497148379,0.8746114904735917,0.0946823022429426,0.05805341355863634,0.02220968354843921,1575.6708907480554, 491.7512449217035, 0.0001922009448617733, 0.0001115491091293876
