file name, Colony ID, Total Islands, Total DAPI,Mean cells, STDEV cells, Mean Area, STDEV Area, Mean Perimeter, STDEV Perimeter, Mean Eccentricity, STDEV Eccentricy, Mean Circ, STDEV Circ, Mean Centroid, nan , STDEV Centroid, Mean Dist from center, STDEV dist center
images/bullseye/EBICS_BULLSEYE_A - 5_E_D(cropped).tif,2,1,1668,940.0,0.0,319590.0,0.0,5656.170378177947,0.0,0.7733349585057159,0.0,0.12553304969660584,0.0,1620.7266888826307, 71.10055227009605, 0.0002625901932804386, 0.0
images/bullseye/EBICS_BULLSEYE_B - 10E_D(cropped).tif,2,2,1453,107.0,29.0,36063.5,8774.5,2974.0598461851823,1642.9642122869282,0.8457760588737899,0.06385949672045449,0.10998788866317522,0.0835557793641431,1762.585631051824, 174.5536301568712, 0.0006900129027996216, 0.00018660749285940556
images/bullseye/EBICS_BULLSEYE_B - 10E_D(cropped).tif,3,4,785,88.25,36.635877224382114,26708.75,10046.478272882494,2947.5499166881723,1166.4804657329187,0.8651322803273818,0.039337461903238315,0.07399227771236802,0.07907446669148165,2211.961142263378, 386.48572506813764, 0.0008019449707442766, 0.00020925221931238143
