file name, Colony ID, Total Islands, Total DAPI,Mean cells, STDEV cells, Mean Area, STDEV Area, Mean Perimeter, STDEV Perimeter, Mean Eccentricity, STDEV Eccentricy, Mean Circ, STDEV Circ, Mean Centroid, nan , STDEV Centroid, Mean Dist from center, STDEV dist center
/Users/david.joy/Desktop/Multicellular-Pattern-Synthesis/image_segmentation_clustering/images/bullseye/EBICS_BULLSEYE_A - 5_E_D(cropped).tif,2,4,11354,359.25,518.9544175551453,123722.5,178456.04999621055,2702.7438290072,2498.4693952896628,0.8669238081452864,0.13170776784669116,0.22446451293384062,0.15836999371420274,1781.1063750836734, 615.6894259488266, 0.00015268451309555554, 7.69682629878641e-05
/Users/david.joy/Desktop/Multicellular-Pattern-Synthesis/image_segmentation_clustering/images/bullseye/EBICS_BULLSEYE_A - 9_E_D (cropped).tif,2,2,6690,677.0,514.0,226293.0,177787.0,4462.894639167462,1352.4220587163222,0.8284813995114599,0.01340967333257892,0.10657676070325463,0.04357501667168913,1966.8966834648886, 972.2236335708545, 0.0001702563539056532, 8.529566311930155e-05
/Users/david.joy/Desktop/Multicellular-Pattern-Synthesis/image_segmentation_clustering/images/bullseye/EBICS_BULLSEYE_A - 9_E_D (cropped).tif,3,3,2979,418.6666666666667,509.3540571700156,161811.66666666666,192999.61065475986,5969.17560828058,6199.666505034835,0.588479400930724,0.24165897504930628,0.13030582103687255,0.12441089265179459,1066.2412019624078, 377.70971997866235, 0.0002914483648823844, 3.390538034999364e-05
/Users/david.joy/Desktop/Multicellular-Pattern-Synthesis/image_segmentation_clustering/images/bullseye/EBICS_BULLSEYE_A - 9_E_D (cropped).tif,4,1,2404,538.0,0.0,153940.0,0.0,3511.0036764678275,0.0,0.7032180855747614,0.0,0.15692739943981526,0.0,2792.6610302715344, 522.0348447447059, 0.00037880449317036755, 0.0
/Users/david.joy/Desktop/Multicellular-Pattern-Synthesis/image_segmentation_clustering/images/bullseye/EBICS_BULLSEYE_B - 10E_D(cropped).tif,2,2,7321,981.0,880.0,464223.5,422662.5,10092.062148486955,7541.1824971483775,0.8746114904735913,0.09468230224294255,0.058053413558636344,0.022209683548439205,1575.6708907480554, 491.7512449217035, 0.0001922009448617733, 0.0001115491091293876
