file name, colony ID, Total Islands, Total DAPI,Mean cells, STDEV cells, Mean Area, STDEV Area, Mean Perimeter, STDEV Perimeter, Mean Eccentricity, STDEV Eccentricy, Mean Circ, STDEV Circ, Mean Centroid, nan , STDEV Centroid, Mean Dist from center, STDEV dist center
images/islands/EBICS_ISLAND_A-10_E_D(cropped).tif,2,3,2635,60.333333333333336,2.357022603955158,19892.666666666668,2036.3138810660362,711.1906200084176,34.171037973767014,0.719380695544728,0.16995463891032925,0.4970165435002085,0.06572377526881655,1046.2520232134823, 289.3455272248511, 0.00045586745668936774, 2.8499400422066784e-05
images/islands/EBICS_ISLAND_D-8_E_D(cropped).tif,2,2,3956,58.5,1.5,18981.5,4639.5,800.391485709898,245.70815280171308,0.6527741122956876,0.05188967329269695,0.42850909276418037,0.15726390649445496,1633.1816778485208, 527.7957795447253, 0.00040976892976067874, 0.00011684202562118812
images/islands/EBICS_ISLAND_B-9_E_D(cropped).tif,2,0,716,nan,nan,nan,nan,nan,nan,nan,nan,nan,nan,nan, nan, nan, nan
