file name, colony ID, Total Islands, Total DAPI,Mean cells, STDEV cells, Mean Area, STDEV Area, Mean Perimeter, STDEV Perimeter, Mean Eccentricity, STDEV Eccentricy, Mean Circ, STDEV Circ, Mean Centroid, nan , STDEV Centroid, Mean Dist from center, STDEV dist center
/Users/david.joy/Desktop/Multicellular-Pattern-Synthesis/image_segmentation_clustering/images/islands/EBICS_ISLAND_A-10_E_D(cropped).tif,2,2,2807,54.5,2.5,17087.0,1724.0,643.7335854398791,34.10407640085651,0.8733668658050329,0.015381702252042717,0.52811350050298,0.10793434495001894,1027.6897997872222, 271.3893256751185, 0.00035035492529102976, 1.6239669852770831e-07
/Users/david.joy/Desktop/Multicellular-Pattern-Synthesis/image_segmentation_clustering/images/islands/EBICS_ISLAND_D-8_E_D(cropped).tif,2,5,8255,107.4,75.39124617619741,41234.4,29828.311494953916,1803.0207706771373,884.8799735149769,0.8138225434853197,0.10842435737708125,0.18774813403355142,0.09744412139207426,1567.574195553625, 562.2711528039773, 0.0002076837863647295, 5.0479274523000804e-05
/Users/david.joy/Desktop/Multicellular-Pattern-Synthesis/image_segmentation_clustering/images/islands/EBICS_ISLAND_B-9_E_D(cropped).tif,2,2,4517,145.0,72.0,73046.0,53050.0,3140.781148581867,2304.8774695631496,0.9474092213484949,0.02192277777698526,0.20652517493973094,0.1530920776305779,1172.6816041104425, 383.656697868994, 0.00024014536502484532, 0.00014854713637735417
